Container#,Load ID
CAIU9902707,14450325
CAIU9902707,14450325
DFSU7356466,14431065
DFSU7356466,14431065
HMMU6485486,14450326
HMMU6485486,14450326
KOCU4219190,14453759
KOCU4219190,14453759
KOCU4301987,14453830
KOCU4301987,14453830
KOCU4447879,14455063
KOCU4447879,14455063
KOCU4471284,14437051
KOCU4471284,14437051
KOCU4633066,14401462
KOCU4633066,14401462
KOCU5001794,14450320
KOCU5001794,14450320
KOCU5018098,14427372
KOCU5018098,14427372
KOCU5085250,14431067
KOCU5085250,14431067
KOCU5131720,14411028
KOCU5131720,14411028
MRSU4584064,14461313
MRSU4584064,14461313
NYKU5156192,14459826
NYKU5156192,14459826
TEMU8226617,14459825
TEMU8226617,14459825
AMFU8776843,14450777
APHU6411290,14437216
APHU7309317,14440378
APZU4768655,14387802
BEAU4044283,14445349
BEAU4077878,14439183
BEAU4100704,14445360
BEAU5262016,14437219
BEAU5333470,14439486
BEAU5360310,14436750
BEAU5377273,14453375
BEAU5394769,14445373
BEAU5487521,14432215
BEAU5502436,14425284
BEAU5625214,14439184
BEAU5763445,14433213
BMOU4579947,14391370
BMOU4633987,14444029
BMOU4639440,14377051
BMOU5167230,14428780
BMOU5172133,14346168
BMOU5174310,14443524
BMOU5225193,14374433
BMOU5225790,14346373
BMOU5859726,14445374
BSIU8088309,14446856
BSIU8100045,14439377
BSIU9196231,14391768
BSIU9198450,14425280
BSIU9206453,14401463
BSIU9232489,14346374
BSIU9335091,14436794
BSIU9336349,14436796
BSIU9463702,14437094
BSIU9818818,14429844
BSIU9915839,14435376
BSIU9917132,14437080
BSIU9918890,14377959
BSIU9939701,14366515
BSIU9941946,14378190
CAAU5043215,14374535
CAAU5144231,14378191
CAAU5144294,14346378
CAAU5178165,14439384
CAAU6063263,14445376
CAAU6168238,14439186
CAAU6189950,14439187
CAAU6195721,14445377
CAIU4347849,14423624
CAIU4387040,14391945
CAIU4439694,14437086
CAIU4440674,14437186
CAIU4565352,14450521
CAIU4566467,14370398
CAIU4892566,14437218
CAIU4913273,14437052
CAIU7130707,14346379
CAIU7134641,14374545
CAIU7135062,14422447
CAIU7138945,14450327
CAIU7149718,14374547
CAIU7166551,14346390
CAIU7182784,14366516
CAIU7198395,14367266
CAIU7201930,14438889
CAIU7202371,14366517
CAIU7205093,14374549
CAIU7255221,14366519
CAIU7374703,14454625
CAIU7396370,14374550
CAIU7397421,14374611
CAIU7404027,14366730
CAIU7404388,14346391
CAIU7405532,14411293
CAIU7435389,14391372
CAIU7437020,14378192
CAIU7439487,14366731
CAIU7477527,14402698
CAIU7484819,14374613
CAIU7487248,14378193
CAIU7487551,14436791
CAIU7502928,14366732
CAIU7521091,14440972
CAIU7522204,14439012
CAIU7525820,14427080
CAIU7641517,14366733
CAIU7669772,14378423
CAIU7688540,14425281
CAIU7705648,14411295
CAIU8702330,14378424
CAIU8732273,14401461
CAIU9077453,14366735
CAIU9825529,14371678
CAIU9828148,14370824
CAIU9836992,14436795
CAIU9965238,14443525
CAIU9970086,14436773
CAIU9977753,14346394
CBHU7031767,14413593
CBHU7078384,14431063
CBHU9170967,14458101
CBHU9516561,14397268
CCLU4772107,14416687
CCLU4780329,14416686
CCLU4826918,14416684
CCLU4974793,14416688
CCLU7235230,14449428
CCLU7671023,14449610
CCLU7769010,14446841
CCLU7866663,14427965
CCLU7944690,14446851
CLHU4681732,14440379
CLKU5009425,14341452
CLKU5013657,14346395
CLKU5016738,14401198
CMAU4756650,14407353
CMAU4943630,14445378
CMAU5057390,14387805
CMAU6318098,14445379
CMAU6404025,14439188
CMAU6444516,14445380
CMAU6678279,14461312
CMAU6889733,14433214
CMAU6929899,14444366
CMAU6938545,14439189
CMAU7127199,14439240
CMAU7344872,14439241
CMAU7460126,14439242
CMAU7712362,14439245
CMAU7848282,14439246
CMAU7943741,14424984
CMAU8330148,14440391
CMAU8416088,14449933
CMAU8443859,14439247
CMAU9205731,14444184
CRXU9893622,14428449
CSLU6218414,14446840
CSNU6026569,14458103
CSNU6029059,14449613
CSNU6341792,14453370
CSNU6420551,14416689
CSNU6768700,14449618
CSNU6780115,14416741
CSNU6906230,14416746
CSNU7056871,14449619
CSNU7113884,14431062
CSNU7243907,14416749
CSNU7342730,14401195
CSNU7470270,14449830
CSNU7509052,14440868
CSNU7574762,14446829
CSNU7650820,14449423
CSNU7903087,14449831
CSNU8073214,14416748
CSNU8523857,14442967
CSNU8542728,14442969
CXDU1162590,14415267
CXDU1654183,14425291
CXDU1737755,14357453
DFSU4098666,14366983
DFSU6217738,14370825
DFSU6225435,14423625
DFSU6621502,14402699
DFSU6654770,14391397
DFSU6665389,14371851
DFSU6704850,14444572
DFSU6714293,14437095
DFSU6723090,14431066
DFSU6835145,14346396
DFSU6836007,14432944
DFSU6890332,14375242
DFSU7026905,14367267
DFSU7286116,14416745
DFSU7357930,14366736
DRYU6016938,14459600
DRYU9186413,14391373
DRYU9190080,14341398
DRYU9217896,14346398
DRYU9220349,14346483
ECMU9911725,14387806
FCIU8178370,14418966
FCIU8604579,14453376
FCIU9278538,14439568
FDCU0440210,14425285
FDCU0486762,14425299
FDCU0487305,14453378
FDCU0518860,14440940
FDCU0603766,14414296
FFAU1212922,14439248
FFAU2114073,14439249
FFAU3640107,14440061
FFAU4207998,14439330
FSCU5141485,14416683
FSCU7259918,14416747
FSCU8510930,14439180
FSCU8803707,0
FSCU8837306,14413592
FSCU9975568,14444365
FWRU0139800,14444363
GAOU6020089,14401196
GAOU6152932,14378194
GAOU6161791,14411029
GAOU6172266,14441152
GAOU6175368,14346485
GAOU6186470,14425279
GAOU6188576,14459605
GAOU6192283,14386338
GAOU6194938,14370826
GAOU6198018,14423439
GAOU6201596 ,14439185
GAOU6204384,14401197
GAOU6204471,14449901
GAOU6224879,14446843
GAOU6230296,14346486
GAOU6231950,14366738
GAOU6334644,14346487
GAOU6346856,14375530
GAOU6348817,14431283
GAOU6356520,14374614
GAOU6359679,14423153
GAOU6363880,14375243
GAOU6368310,14366762
GAOU6381610,14366768
GAOU6522554,14427966
GAOU6532784,14433210
GAOU6603316,14446852
GAOU6613119,14428788
GCXU5032467,14378426
GCXU5033036,14346489
GCXU5034813,14427083
GCXU5036729,14439600
GCXU5038193,14366782
GCXU5051997,14425282
GCXU5266249,14439601
GCXU5371706,14439331
GCXU5383610,14445381
GCXU5478823,14416744
GCXU5620199,14416740
GESU5992053,14429841
GLDU7268784,14440392
GLDU9980355,14394913
GVCU4129020,14416682
HDMU2570112,14383284
HDMU6484455,14407354
HDMU6654649,14439015
HDMU6739920,14374894
HDMU6746874,14366783
HDMU6787620,14374616
HDMU6790199,14407355
HDMU6811347,14443527
HDMU6815065,14422446
HDMU6818531,14374636
HDMU6831195,14389253
HDMU6835992,14346500
HDMU6838179,14378195
HDMU6838482,14453758
HDMU6847946,14367268
HDMU6849445,14411585
HDMU6854992,14366784
HDMU6865533,14346502
HDMU6868635,14444582
HDMU6884446,14376006
HDMU6896067,14346504
HMMU6018291,14367260
HMMU6019338,14378196
HMMU6028556,14421690
HMMU6029510,14375531
HMMU6042132,14346505
HMMU6045126,14450710
HMMU6049836,14391769
HMMU6062951,14436797
HMMU6063691,14346506
HMMU6063881,14340677
HMMU6091820,14411230
HMMU6092576,14375244
HMMU6102756,14366785
HMMU6126249,14394914
HMMU6127040,14374637
HMMU6127224,14366786
HMMU6138229,14371889
HMMU6139082,0
HMMU6146646,14367269
HMMU6150029,14440627
HMMU6154359,14423626
HMMU6161640,14378197
HMMU6162591,14444583
HMMU6165179,14444638
HMMU6169003,14458938
HMMU6169770,14366787
HMMU6171248,14370828
HMMU6173488,14346507
HMMU6179568,14378198
HMMU6188111,14363206
HMMU6192153,14346508
HMMU6201548,14374638
HMMU6207438,14375245
HMMU6210827,14346509
HMMU6213718,14367470
HMMU6213765,14425310
HMMU6228385,14363207
HMMU6244410,14437096
HMMU6247235,14423623
HMMU6248777,14433211
HMMU6255117,14346510
HMMU6260920,14411231
HMMU6273018,14374639
HMMU6273785,14346511
HMMU6274349,14346512
HMMU6274800,14450323
HMMU6279886,14378199
HMMU6281517,14407356
HMMU6287900,14450720
HMMU6289987,14374641
HMMU6335212,14391374
HMMU6344549,14371855
HMMU6352816,14378230
HMMU6360616,14411232
HMMU6372540,14366788
HMMU6381096,14346513
HMMU6394982,14449838
HMMU6398421,14423157
HMMU6400998,14346514
HMMU6408427,14346515
HMMU6411689,14446848
HMMU6424475,14370829
HMMU6432423,14378231
HMMU6435361,14374646
HMMU6435741,14378232
HMMU6459661,0
HMMU6461186,14427086
HMMU6461360,14450725
HMMU6462639,14435444
HMMU6472318,14443528
HMMU6483713,14437097
HMMU6484957,14411233
HMMU6487004,14444680
HMMU6489898,14366789
HMMU6490733,14354213
HMMU6495756,14346516
HMMU6500575,14451002
KKFU7718533,14425311
KKFU7764225,14446854
KKFU7784643,14374921
KKFU7840310,14383472
KKFU7997947,14388876
KKFU8021040,14427969
KKFU8066419,14425290
KKFU8101741,14425289
KKFU8155291,14446853
KOCU4004377,14407357
KOCU4009790,14378427
KOCU4019968,14354214
KOCU4022766,14346517
KOCU4024286,14346518
KOCU4033570,14374647
KOCU4035444,14374648
KOCU4037154,14450727
KOCU4045015,14428566
KOCU4046916,14374649
KOCU4047126,14378233
KOCU4058429,14423432
KOCU4069763,14375532
KOCU4071776,14346519
KOCU4071903,14391226
KOCU4075180,14439178
KOCU4076891,14374740
KOCU4079397,14443529
KOCU4085487,14370880
KOCU4089570,14374742
KOCU4098442,14366830
KOCU4099372,14440628
KOCU4099623,14391375
KOCU4104801,14374749
KOCU4112387,14444588
KOCU4120103,14411586
KOCU4121537,14343677
KOCU4126586,14443732
KOCU4128228,14443733
KOCU4129796,14346660
KOCU4137195,14366831
KOCU4144851,14391780
KOCU4146710,14437092
KOCU4149196,14370886
KOCU4151613,14437093
KOCU4157020,14377052
KOCU4159466,14366832
KOCU4174157,14366833
KOCU4177726,14346661
KOCU4179210,14378234
KOCU4190538,14377053
KOCU4190625,14346662
KOCU4190780,14411296
KOCU4192525,14446847
KOCU4197893,14402694
KOCU4199108,14444584
KOCU4204272,14450329
KOCU4209572,14411024
KOCU4209720,14411025
KOCU4210362,14450322
KOCU4214711,14423628
KOCU4243643,14366835
KOCU4247382,14366836
KOCU4256912,14374770
KOCU4266335,14440068
KOCU4267250,14411026
KOCU4267687,14346663
KOCU4268683,14446850
KOCU4278613,14425287
KOCU4283522,14391781
KOCU4303526,14411020
KOCU4307959,14367471
KOCU4308678,14367261
KOCU4308810,0
KOCU4309381,14423434
KOCU4310382,14375533
KOCU4311162,14415192
KOCU4315614,14366837
KOCU4340710,14346664
KOCU4343977,14346665
KOCU4360043,14391782
KOCU4360423,14346666
KOCU4365770,14378236
KOCU4369781,14423155
KOCU4382891,14428567
KOCU4383239,14366838
KOCU4383624,14366861
KOCU4389068,14440069
KOCU4394927,14423156
KOCU4395775,14391398
KOCU4405493,14383449
KOCU4406566,14393779
KOCU4407449,14438886
KOCU4411428,14366868
KOCU4415280,14423629
KOCU4417452,14423154
KOCU4422340,14366933
KOCU4429448,0
KOCU4435266,14378237
KOCU4437417,14374772
KOCU4472608,0
KOCU4474600,14366940
KOCU4479979,14453374
KOCU4482268,14391376
KOCU4492477,14374773
KOCU4492543,14391377
KOCU4498351,14437098
KOCU4502868,14427087
KOCU4503967,14370881
KOCU4506246,14391227
KOCU4509287,14444587
KOCU4517955,14378238
KOCU4519710,0
KOCU4534356,14391783
KOCU4537329,14391761
KOCU4567468,14411297
KOCU4576182,14374895
KOCU4576407,14346669
KOCU4578415,14374780
KOCU4579474,14366941
KOCU4580731,14374781
KOCU4584803,14346890
KOCU4594550,14366942
KOCU4595515,14446842
KOCU4605022,14346891
KOCU4615503,14346892
KOCU4628840,14375246
KOCU4631016,14374782
KOCU4634421,14378239
KOCU4641523,14378260
KOCU4651732,14388879
KOCU4652180,14346893
KOCU4664880,14394912
KOCU4667050,14370882
KOCU4670012,14370883
KOCU4671209,14411234
KOCU4671889,14444681
KOCU4673773,14375247
KOCU4677676,14402695
KOCU4678440,14443738
KOCU4685856,14366944
KOCU4690528,14391784
KOCU4693450,14438887
KOCU4696110,14366945
KOCU4696275,14439181
KOCU4707596,14374784
KOCU4712381,14346894
KOCU4724607,14444630
KOCU4737986,14367262
KOCU4739000,14446846
KOCU4750761,14415933
KOCU4750993,14374786
KOCU4758818,14346895
KOCU4766984,14378630
KOCU4793660,14436798
KOCU4799458,14346896
KOCU4804066,14428569
KOCU4811609,14391228
KOCU4816581,14391785
KOCU4826358,14367472
KOCU4830907,14367473
KOCU4830954,14443818
KOCU4833758,14374788
KOCU4837429,14381633
KOCU4840000,14406724
KOCU4845234,14374789
KOCU4846586,14449902
KOCU4847509,14440425
KOCU4854067,14391378
KOCU4858442,14375248
KOCU4865400,14406725
KOCU4867892,14378261
KOCU4868625,14411235
KOCU4870371,14375249
KOCU4870772,14436799
KOCU4870812,14440630
KOCU4874171,14374815
KOCU4878897,14375534
KOCU4879358,14440426
KOCU4882140,14374822
KOCU4889274,14375535
KOCU4891570,14374826
KOCU4899950,14443929
KOCU4907784,14374827
KOCU4912944,14444180
KOCU4924478,14411236
KOCU4924673,14374828
KOCU4930892,14411237
KOCU4935451,14346897
KOCU4939631,14446844
KOCU4945188,14374829
KOCU4946245,14370885
KOCU4951827,14423810
KOCU4953650,14374830
KOCU4959068,14367263
KOCU4960665,14378262
KOCU4961260,14367264
KOCU4980830,14375260
KOCU4983491,14391786
KOCU4985257,0
KOCU4986438,14366946
KOCU5003502,14346898
KOCU5005594,14436781
KOCU5007956,14444367
KOCU5008187,14427084
KOCU5011703,14438885
KOCU5022483,14391787
KOCU5023108,14378264
KOCU5026093,14374831
KOCU5031572,14391379
KOCU5033507,14411239
KOCU5036363,14367265
KOCU5045616,14391788
KOCU5057094,14366947
KOCU5061350,14374832
KOCU5071045,14444632
KOCU5074384,14450729
KOCU5098093,14383451
KOCU5102697,14377054
KOCU5117531,14371881
KOCU5118883,14423811
KOCU5119323,14411290
KOCU5126810,14371882
KOCU5128480,14439179
KOCU5132201,14411291
KOCU5136233,14444637
KOCU5136974,14411298
KOCU5138869,14374833
KOCU5140188,14411292
KOCU5152912,14346899
KOCU5162510,14411587
KOCU5166665,14381634
KOCU5178666,14411027
KOCU5182476,14440632
KOCU5187760,14371883
KOCU5194815,14423433
KOCU5199463,14423431
KOCU5201088,14366948
KOCU5206916,14427085
KOCU5207363,14374834
KOCU5219786,14366949
KOCU5223359,14444028
KOCU5228474,14347070
KOCU5231605,14378265
KOCU5238195,14347071
KOCU5240166,14366960
KOCU5242071,14444585
KOCU5247432,14450522
KOCU5255058,14391763
KOCU5256901,14366961
KOCU5257111,14449900
MOTU5816619,14401464
MOTU6721204,14401952
MRKU2298937,14449030
MRKU4184743,14458651
MRKU4512694,14445384
MRKU5692190,14418968
MSKU0351720,14449031
MSKU0453147,14445386
MSKU0993649,14449032
MSKU1163815,14445544
MSKU1738118,14445545
MSKU9463362,14418969
NYKU0739366,14459823
NYKU0742061,14388875
NYKU0758685,14425298
NYKU0827111,14428440
NYKU4327984,14425274
NYKU4353290,14439604
NYKU4803680,14381381
NYKU4882760,14429845
NYKU4921810,14390956
NYKU4954412,14446820
NYKU5181596,14439754
NYKU5192250,14440062
NYKU5195033,14425275
NYKU5241870,14425297
NYKU5260993,14421692
NYKU5279474,14425296
ONEU0001940,14425270
ONEU0022726,14431709
ONEU0040669,14425292
ONEU0043098,14432216
ONEU0121101,14357458
ONEU0199964,14390957
OOCU6948621,0
OOCU7126990,14416685
OOCU7995762,14451004
OOCU8261634,14440066
OOLU6839078,0
OOLU8599844,14453371
OOLU8797829,14449832
OOLU9110259,14397267
OOLU9471586,14440633
OOLU9591920,14449159
PONU8113164,14449034
RFCU5070808,14439182
SEGU4474835,14421693
SEGU4828369,14445546
SEGU4887720,14429848
SEGU4892157,14440393
SEGU5695569,14378267
SEGU5793122,14366962
SEGU5801491,14439756
SEGU5829354,14391764
SEGU5847316,14347072
SEGU5850650,14391330
SEGU5852170,14391789
SEGU5856806,14383533
SEGU6031543,14391940
SEGU6033130,14415935
SEGU6041990,14431069
SEGU6042240,14391381
SEGU6984503,14446828
SEKU4348338,14445547
SEKU4493510,14445549
SEKU4530701,14449934
SEKU4606941,14419440
SMCU1260256,14401199
SUDU6972415,14419441
TCKU6090110,14444567
TCKU6108863,14347074
TCKU6117910,14378277
TCKU6229741,14439332
TCKU6294829,14439334
TCKU6352000,14424986
TCKU6377292,14439360
TCKU7059450,14445560
TCKU7520880,14449036
TCKU7663990,14429838
TCKU7769214,14439363
TCLU1582780,14397269
TCLU1587544,14425295
TCLU1652531,14425294
TCLU1801363,14445561
TCLU4617350,14440065
TCLU4913330,14439757
TCLU5057244,14358640
TCLU5133771,14459601
TCLU5589756,14378631
TCLU6240455,14421694
TCLU6264631,14445563
TCLU6294960,14366963
TCLU6372261,14432319
TCLU6379311,14445564
TCLU6445727,14425276
TCLU6479434,14425271
TCLU6733786,14425293
TCLU8172025,14436793
TCLU8322444,14440063
TCLU8378783,14425283
TCLU8465297,14446826
TCLU8644775,14449935
TCLU8823512,14402697
TCLU8904384,14459604
TCLU8921627,14459606
TCLU8944509,14375536
TCLU9464130,14446825
TCLU9465394,14429843
TCLU9559282,14432318
TCLU9694343,14453379
TCNU1698170,14366964
TCNU1700914,14366965
TCNU1766803,14389250
TCNU1767230,14358240
TCNU1996679,14386796
TCNU3697867,14442968
TCNU4103390,14459607
TCNU4118872,14446845
TCNU4130862,14431288
TCNU4266571,14432317
TCNU4364705,14453372
TCNU4411638,14421695
TCNU4434736,14432316
TCNU4545468,14411588
TCNU4862380,14383535
TCNU5042684,14444023
TCNU5087740,14366966
TCNU5623354,14421696
TCNU5707202,14453757
TCNU5743236,14394692
TCNU5874339,14446827
TCNU5925800,14446824
TCNU5945535,14421697
TCNU5989214,14446823
TCNU6231846,14347075
TCNU6512458,14415194
TCNU6774118,14432945
TCNU6874098,14366967
TCNU6966321,14378278
TCNU7037352,14444024
TCNU7159068,14414297
TCNU7236950,14391941
TCNU7404231,14402892
TCNU7434684,14432315
TCNU7472350,14459608
TCNU7477623,14437210
TCNU7712173,14402893
TCNU7903462,14378421
TCNU8497115,14419442
TCNU8524524,14450745
TCNU8951280,14425273
TCNU9080722,14414363
TCNU9487195,14421699
TCNU9793195,14418967
TEMU6053889,14415268
TEMU6180353,14449150
TEMU6424758,14440869
TEMU7252859,14437211
TEMU8575985,14432314
TEMU8862500,14432313
TGBU4285653,14425277
TGBU4403735,14427968
TGBU4405677,14453373
TGBU4474507,14365302
TGBU4533071,14381382
TGBU5179255,14427967
TGBU5189356,14459824
TGBU5300705,14416681
TGBU5886540,14374836
TGBU5887399,14446849
TGBU6222607,14366968
TGBU6335959,14438888
TGBU6358770,14366969
TGBU6359924,14391383
TGBU6360822,14391765
TGBU6467359,14425286
TGBU6471750,14366980
TGBU6478008,14444027
TGBU6480617,14450520
TGBU6548532,14439379
TGBU7959712,14415269
TGBU8944091,14440636
TGBU9687320,14425272
TGBU9844760,14401953
TGCU0199334,14424983
TGHU6231730,14431064
TGHU8958184,14424985
TGHU9331305,14419443
TLLU4205854,14459609
TLLU4521301,14449936
TLLU4559987,14422021
TLLU4609389,14425288
TLLU4824550,14439759
TLLU5539985,14446855
TLLU5616696,14446822
TLLU5621440,14440060
TLLU5640938,14446821
TLLU5666491,14432312
TLLU5681623,14416680
TLLU5722039,14432311
TLLU5768277,14411589
TLLU5777237,14451007
TLLU5821520,14425278
TLLU7729900,14449937
TRHU4540449,14416743
TRHU4542919,14432310
TRHU4604707,14401467
TRHU4852072,14432411
TRHU5217702,14459820
TRHU5410964,14439380
TRHU5415230,14447242
TRHU5421470,14417935
TRHU6058420,14439383
TRHU6904719,14429840
TRHU6937899,14432219
TRHU7028652,14432218
TRHU7280411,14432412
TRHU7391689,14429842
TRHU7421633,14401954
TRHU7985989,14439485
TRHU8029416,14447243
TRHU8379590,14432217
TRHU8567319,14447244
TRLU7449325,14416742
TRLU7608730,14459821
UESU4553450,14453838
UETU5670408,14439488
UETU5689912,14449152
UETU5739443,14388877
WFHU5200607,14374896
